#{"t_start": 1678199108.179441, "env_id": "Pendulum-v0"}
r,l,t
-1245.124688,200,0.391253
-974.327622,200,4.366746
-1631.999302,200,9.017658
-1602.494051,200,14.708542
-1503.185746,200,19.51173
-1396.72563,200,26.339153
-1294.464191,200,31.864781
-1289.77401,200,37.346498
-1141.514044,200,45.125666
-1071.114161,200,51.279431
-1619.437093,200,56.100323
-787.210246,200,61.313817
-722.484377,200,65.783385
-767.877237,200,69.375748
-385.029793,200,74.044251
-392.353612,200,80.915
-1512.573699,200,88.734858
-392.448155,200,94.011513
-600.179891,200,97.417905
-506.827118,200,100.569114
-545.563305,200,104.986457
-384.267123,200,109.8487
-143.306091,200,113.421802
-143.235143,200,117.076526
-124.578361,200,121.351392
-259.937785,200,125.938303
-120.447829,200,129.149885
-251.181493,200,132.444647
-131.018688,200,136.4424
-249.485887,200,141.983604
-136.145658,200,145.627795
-127.257789,200,149.005448
-127.209801,200,153.66605
-232.983488,200,157.835403
-244.078872,200,161.332631
-124.123746,200,164.867712
-2.952764,200,169.874854
-7.411795,200,174.654001
-122.993041,200,178.371909
-237.80999,200,182.099851
-131.360055,200,187.593992
-235.376179,200,191.270401
-126.530538,200,195.572266
-126.097125,200,199.637192
-117.45946,200,205.132151
-119.681799,200,209.006946
-122.504314,200,212.683636
-322.117609,200,217.154064
-1.056205,200,221.623464
-117.824421,200,225.320761
-118.398177,200,229.334054
-125.214577,200,234.389722
-122.376405,200,238.454374
-114.23141,200,241.841097
-115.094029,200,245.162894
-117.849387,200,249.774617
-242.519158,200,253.869542
-120.563494,200,257.184258
-120.952619,200,260.465481
-119.050237,200,264.225454
-120.658499,200,269.082745
-120.702557,200,272.336779
-124.316947,200,275.534451
-113.793438,200,278.74559
-243.57738,200,284.003085
-115.890984,200,288.080084
-118.134681,200,291.424921
-232.814097,200,295.774494
-1.550443,200,300.940766
-127.391365,200,304.314068
-236.66891,200,307.722546
-115.169111,200,311.332852
-0.830392,200,316.739548
-115.3684,200,320.572188
-115.510906,200,323.779751
-116.171697,200,327.464344
-234.820346,200,333.192893
-121.020523,200,337.151952
-120.292516,200,341.240537
-2.140482,200,346.100365
-240.991672,200,350.290124
-119.838323,200,353.782735
-2.616964,200,357.522377
-246.703447,200,362.236782
-3.317111,200,366.28723
-129.057864,200,369.808401
-115.883346,200,373.749655
-119.262878,200,378.74535
-1.169802,200,382.505982
-120.663613,200,385.953381
-241.223541,200,389.457967
-121.807598,200,394.223127
-125.070066,200,398.74231
-219.974571,200,402.135835
-118.710885,200,405.496854
-243.695077,200,410.432868
-319.633606,200,414.631958
-115.166185,200,417.866397
-118.836413,200,421.213494
-116.374246,200,425.660859
-117.313642,200,429.882285
-222.938625,200,433.258728
-116.44951,200,436.816698
-121.341453,200,441.531755
-0.361459,200,445.771013
-116.582212,200,449.582907
-119.075328,200,453.116863
-222.072444,200,458.066808
-117.593908,200,462.641667
-299.510417,200,466.04571
-119.425482,200,469.55334
-225.684042,200,474.670381
-121.538694,200,480.551485
-0.340504,200,484.329885
-118.3102,200,492.345753
-113.994124,200,498.465311
-119.94682,200,505.30729
-119.393583,200,511.28165
-251.365505,200,517.141819
-117.342648,200,523.241338
-119.302027,200,528.811105
-226.628538,200,534.874578
-1.450361,200,542.080997
-127.939362,200,547.387568
-115.224569,200,552.875584
-117.845857,200,558.926386
-124.929371,200,564.143583
-232.59315,200,570.183261
-119.031974,200,575.851041
-0.972082,200,580.785233
-122.256457,200,586.50559
-125.045789,200,591.456382
-229.305959,200,596.041467
-116.346385,200,599.835013
-236.149951,200,604.961524
-224.775694,200,608.597799
-6.609034,200,612.201761
-128.409426,200,615.931835
-120.159857,200,620.863776
-322.027076,200,625.247986
-119.479073,200,628.79905
-227.400984,200,632.737205
-0.524076,200,637.282222
-122.964599,200,640.576526
-2.112529,200,643.886447
-121.463469,200,647.329455
-223.775429,200,652.570527
-245.93571,200,656.205253
-2.841926,200,659.441479
-1.877885,200,663.170827
-242.120476,200,668.509652
-1.906305,200,671.827168
-3.140086,200,674.985847
-234.828248,200,678.257799
-126.685765,200,683.329893
-121.742102,200,686.878108
-235.163388,200,689.979872
-129.249429,200,693.212193
-131.449143,200,697.565128
-256.57874,200,701.65277
-122.618322,200,704.927062
-116.183258,200,708.260861
-240.152079,200,711.638502
-4.354655,200,716.630276
-5.925187,200,719.881742
-125.448195,200,723.076317
-123.591493,200,726.299759
-123.572344,200,731.410824
-345.008067,200,734.76141
-115.91074,200,738.081117
-4.960695,200,741.353457
-118.047863,200,745.899057
-119.658398,200,749.825718
-125.457719,200,752.960563
-120.626093,200,756.238719
-3.022372,200,759.919945
-229.893144,200,764.909132
-118.027793,200,768.160159
-124.929249,200,771.593679
-241.180129,200,774.822886
-234.944955,200,780.00847
-124.01909,200,783.338695
-346.4695,200,786.57844
-220.69027,200,790.26778
-122.439008,200,795.33789
-128.516926,200,798.732321
-122.984331,200,801.908772
-118.782458,200,805.25069
-4.911142,200,810.141599
-121.324481,200,814.403255
-124.182212,200,817.869758
-230.609857,200,821.075363
-128.156429,200,825.719185
-124.022932,200,829.784648
-126.322514,200,833.017949
-129.620689,200,836.242664
-123.735083,200,839.799674
-124.131318,200,844.729288
-119.82322,200,848.042655
-4.062486,200,851.25386
-6.560611,200,854.595665
-129.3115,200,859.839135
-119.665731,200,863.186521
-223.28731,200,866.335164
-121.563872,200,869.474712
-118.455653,200,874.196241
-232.592814,200,878.140674
-124.945722,200,881.390973
-244.686475,200,884.608797
-4.772187,200,889.512221
-4.488409,200,893.989591
-121.346398,200,897.415287
-358.244893,200,900.668611
-120.541656,200,904.52552
-244.559415,200,909.502826
-5.191086,200,912.943645
-5.717177,200,916.260856
-222.733019,200,920.110245
-120.749472,200,925.252561
-117.915968,200,928.486901
-125.706301,200,931.73033
-117.906528,200,935.322619
-119.495676,200,940.759216
-239.489778,200,944.099959
-116.317826,200,947.407756
-239.491712,200,950.61824
-227.524347,200,956.015171
-2.318086,200,959.474019
-120.103067,200,963.055294
-219.346763,200,966.380473
-224.180742,200,971.868159
-125.306162,200,977.253612
-118.212035,200,982.731148
-225.583335,200,989.000155
-116.508925,200,993.295202
-129.40911,200,997.228068
-292.800153,200,1002.144941
-119.812214,200,1005.994578
-120.395757,200,1009.248626
-1.669045,200,1012.801921
-120.238954,200,1016.922511
-220.947603,200,1021.339443
-1.961332,200,1024.774279
-116.75971,200,1028.031107
-265.86971,200,1031.613783
-126.328097,200,1036.669037
-228.099141,200,1040.023933
-339.316008,200,1043.31575
-120.87212,200,1046.614117
-128.390406,200,1052.00754
-117.140584,200,1055.543072
-220.62538,200,1059.627944
-124.843261,200,1062.915981
-640.356516,200,1068.180873
-230.800978,200,1071.562472
-225.956151,200,1074.88636
-119.362267,200,1078.145918
-0.942693,200,1083.54667
-124.3135,200,1087.250065
-217.923434,200,1090.540949
-128.387063,200,1093.823143
-344.651175,200,1098.770533
-126.91634,200,1102.390068
-241.854229,200,1105.833158
-237.060716,200,1109.335952
-125.810981,200,1114.009254
-117.759055,200,1118.028266
-373.14664,200,1121.372216
-245.013645,200,1124.713464
-1.840697,200,1128.885062
-365.505577,200,1133.436761
-3.508685,200,1136.750679
-123.713053,200,1140.160281
-1.751581,200,1143.772036
-2.726197,200,1149.625575
-125.292108,200,1153.17541
-121.960379,200,1156.424557
-244.182712,200,1160.278714
-125.312235,200,1165.207987
-129.333467,200,1168.58454
-115.942763,200,1171.86132
-125.886465,200,1175.398498
-120.739043,200,1180.730969
-118.495568,200,1184.266619
-114.853905,200,1187.602164
-371.76327,200,1190.962592
-227.989198,200,1196.346687
-2.048915,200,1199.667333
-125.525447,200,1202.982363
-118.852909,200,1206.379352
-223.557193,200,1211.823884
-117.906127,200,1215.520739
-331.981888,200,1218.970709
-900.295427,200,1222.32854
-122.607479,200,1227.64623
-124.277829,200,1231.248293
-224.737381,200,1234.820927
-120.414262,200,1238.202833
-117.107095,200,1243.634897
-230.266301,200,1247.309497
-227.91856,200,1251.204376
-119.603952,200,1254.934513
-296.31406,200,1261.065412
-120.881478,200,1266.997551
-121.136806,200,1272.476184
-127.631795,200,1277.794071
-231.036089,200,1281.296794
-117.619804,200,1284.802346
-118.912224,200,1289.234086
-130.521045,200,1293.937853
-252.456166,200,1297.77065
-242.729559,200,1301.364942
-119.092634,200,1306.469266
-369.076368,200,1310.455329
-114.750189,200,1314.041205
-0.441145,200,1317.794096
-255.430074,200,1323.081967
-1.094588,200,1327.069321
-236.413713,200,1330.721114
-117.880387,200,1334.43131
-123.398768,200,1339.934381
-120.11411,200,1343.564494
-248.893404,200,1347.134851
-126.153979,200,1351.47542
-118.640566,200,1357.169238
-125.8256,200,1360.947566
-113.859564,200,1364.607457
-229.584904,200,1368.931154
-351.803867,200,1373.786292
-126.100465,200,1377.449223
-341.053338,200,1381.19911
-227.500745,200,1386.408771
-120.551196,200,1390.479636
-126.957962,200,1394.121327
-121.174008,200,1397.695612
-230.944831,200,1403.202122
-126.25683,200,1407.05311
-117.409836,200,1411.520103
-117.531558,200,1415.181046
-1.676325,200,1421.49738
-220.00747,200,1425.351189
-224.476832,200,1428.9963
-242.876788,200,1433.782314
-220.31353,200,1439.503239
-122.126246,200,1444.397407
-114.470992,200,1450.601692
-118.382585,200,1455.194986
-115.45877,200,1458.829775
-121.826166,200,1462.511603
-124.521765,200,1468.185392
-122.127723,200,1472.025026
-124.538576,200,1475.737465
-245.438264,200,1479.691917
-115.686812,200,1485.475503
-226.571353,200,1489.191104
-217.891896,200,1492.916284
-3.58921,200,1497.801236
-118.053217,200,1502.277322
-117.00283,200,1506.014477
-226.451819,200,1509.715204
-3.622219,200,1515.137582
-3.00335,200,1519.060165
-223.09284,200,1523.196295
-119.203587,200,1526.902198
-122.00289,200,1532.473278
-122.49576,200,1536.311635
-225.183166,200,1540.095276
-125.105943,200,1544.154517
-121.049096,200,1549.731436
-119.390052,200,1553.413912
-222.835557,200,1557.070311
-121.74956,200,1562.226976
-128.879175,200,1567.948242
-118.068653,200,1573.308697
-219.353834,200,1579.68498
-216.986433,200,1583.882796
-118.008336,200,1587.513804
-117.356409,200,1591.197473
-116.278115,200,1596.892832
-123.79101,200,1601.071689
-250.406381,200,1605.230229
-226.989052,200,1611.613574
-125.547314,200,1616.224807
-116.949449,200,1620.59251
-120.379947,200,1626.672788
-128.621119,200,1632.319114
-119.324145,200,1637.434464
-3.173106,200,1643.751875
-118.89216,200,1649.001077
-236.825838,200,1652.931963
-224.915886,200,1658.13234
-114.799686,200,1662.817183
-0.933896,200,1666.559587
-0.848539,200,1670.307873
-2.157732,200,1676.095112
-1.858931,200,1679.961524
-125.655786,200,1683.717552
-306.502878,200,1687.694772
-119.209451,200,1693.337832
-121.785475,200,1697.266142
-113.421221,200,1701.053964
-1.183234,200,1706.166371
-231.014109,200,1711.639254
-319.357763,200,1715.35677
-121.859378,200,1719.128067
-2.169786,200,1725.063479
-117.486349,200,1728.860938
-123.627282,200,1732.617105
-233.592318,200,1737.395358
-114.587639,200,1742.290699
-218.265095,200,1746.643214
-225.470707,200,1751.047313
-120.881823,200,1756.845253
-123.718238,200,1760.522373
-216.226575,200,1764.281645
-123.206727,200,1768.625662
-2.586254,200,1773.939354
-222.539432,200,1777.839768
-225.510249,200,1781.681159
-219.734558,200,1787.398462
-220.934707,200,1791.685531
-0.486736,200,1795.456026
-116.582435,200,1799.363806
-233.472625,200,1805.05336
-236.62356,200,1808.902996
-258.181166,200,1814.382772
-124.040285,200,1821.943985
-123.858246,200,1827.515898
-218.451447,200,1831.712365
-369.68421,200,1837.179556
-234.873294,200,1841.232566
-227.800787,200,1846.907593
-257.292801,200,1853.753904
-122.882959,200,1860.428153
-127.374699,200,1866.73894
-127.920591,200,1872.453041
-4.389103,200,1876.821194
-129.983048,200,1881.627373
-127.06743,200,1887.91924
-118.101383,200,1895.921829
-117.222277,200,1904.296371
-284.071768,200,1909.120408
-121.301822,200,1916.779436
-8.627063,200,1922.269676
-125.255174,200,1927.003061
-5.463744,200,1932.931076
-223.980372,200,1937.451046
-231.6859,200,1942.006675
-120.243481,200,1951.09025
-130.065806,200,1957.967804
-128.656599,200,1964.764975
-118.984066,200,1970.237367
-117.036902,200,1975.601828
-116.65994,200,1981.930104
-121.648653,200,1986.219079
-244.25277,200,1990.935305
-327.914305,200,1997.565313
-122.27731,200,2002.254001
-221.083128,200,2006.510126
-129.345102,200,2013.675648
-117.098669,200,2018.384373
-126.251304,200,2022.989415
-118.179166,200,2031.345853
-124.898929,200,2036.845656
-5.219635,200,2043.687195
-240.288016,200,2049.51203
-121.4132,200,2055.008879
-121.277444,200,2062.282368
-244.731478,200,2069.317599
-125.809367,200,2076.17947
-250.795299,200,2082.389605
-228.404933,200,2088.246018
-121.795063,200,2095.562773
-6.273407,200,2102.197218
-121.957254,200,2109.631121
-136.252191,200,2116.292678
-229.66696,200,2123.275628
-134.511211,200,2128.115038
-138.870945,200,2133.595372
-13.92397,200,2140.759303
-260.035744,200,2146.231107
-137.276074,200,2151.412569
-235.287757,200,2157.535108
-132.302892,200,2162.252829
-235.500242,200,2167.534344
-137.843885,200,2173.783035
-20.75374,200,2178.188337
-136.773922,200,2182.349924
-315.018947,200,2188.522502
-131.346608,200,2193.853667
-131.673247,200,2201.477188
-290.296108,200,2208.613775
-124.649776,200,2214.279521
-235.376251,200,2219.156101
-227.812712,200,2222.924134
-123.081174,200,2227.682911
-120.616498,200,2232.713368
-1.53899,200,2237.94232
-128.81298,200,2241.693779
-117.934642,200,2245.528003
-353.513675,200,2251.020633
-225.236923,200,2255.496125
-121.678281,200,2260.233753
-294.788915,200,2264.813257
-3.732849,200,2269.968803
-219.956679,200,2273.825232
-126.847031,200,2277.657718
-366.714029,200,2283.207275
-127.572411,200,2287.471089
-117.72276,200,2291.813438
-115.66825,200,2298.118134
-221.088535,200,2305.200742
-124.401611,200,2311.675807
-124.59127,200,2318.406107
-130.360227,200,2322.779039
-3.603669,200,2326.939929
-121.069733,200,2333.298157
-122.014555,200,2338.240889
-117.526422,200,2342.47442
-122.372953,200,2349.194758
-4.130491,200,2356.689959
-230.497721,200,2365.086419
-121.521338,200,2371.696416
-119.05077,200,2381.340478
-131.605387,200,2392.669087
-3.455919,200,2399.57951
-125.808057,200,2403.957696
-128.126136,200,2409.438482
-118.483458,200,2415.677847
-335.715438,200,2421.265233
-126.506292,200,2427.060418
-122.734235,200,2431.82807
-116.840553,200,2435.580045
-119.849932,200,2439.971053
-121.367973,200,2446.557428
-225.918997,200,2450.816219
-225.298613,200,2455.263294
-228.099475,200,2461.833309
-218.6906,200,2467.40974
-124.979685,200,2471.595888
-3.61014,200,2477.628041
-124.711225,200,2481.507854
-121.24349,200,2485.456471
-121.919371,200,2491.040578
-225.040598,200,2495.928205
-318.857325,200,2499.937832
-119.902925,200,2504.317599
-3.156663,200,2510.14896
-220.352677,200,2513.87942
-3.331688,200,2517.869964
-126.452001,200,2523.659156
-120.270549,200,2528.097342
-232.894114,200,2531.845048
-123.510183,200,2536.077156
-221.973269,200,2541.726249
-3.614212,200,2545.654632
-3.159788,200,2549.589401
-249.721274,200,2555.263701
-121.407508,200,2559.613122
-120.902125,200,2563.626749
-222.172206,200,2567.799304
-119.158105,200,2573.729935
-254.603068,200,2577.678762
-121.512935,200,2581.649831
-125.388904,200,2587.455363
-247.359283,200,2591.746686
-119.926206,200,2595.645468
-119.074705,200,2599.796484
-127.584892,200,2605.619628
-124.401324,200,2609.618798
-234.468252,200,2614.293707
-119.316174,200,2620.36847
-118.383887,200,2624.36273
-224.165426,200,2628.257365
-124.457176,200,2632.825402
-231.209571,200,2638.139135
-119.65665,200,2642.270038
-119.352565,200,2646.531118
-122.196505,200,2653.268852
-237.600465,200,2657.440323
-230.116702,200,2661.37803
-127.894209,200,2666.830186
-120.327966,200,2671.34735
-237.250563,200,2675.347712
-122.609282,200,2679.279703
-127.59376,200,2685.336991
-125.144688,200,2689.258979
-125.934529,200,2693.131015
-121.664568,200,2698.554514
-237.815972,200,2703.364152
-116.622347,200,2707.263244
-121.230474,200,2711.217702
-122.192772,200,2717.148841
-118.619879,200,2721.118688
-120.394706,200,2725.034447
-118.658348,200,2730.426575
-122.403359,200,2735.133566
-5.453292,200,2739.127326
-119.027426,200,2743.06345
-118.681762,200,2748.969798
-121.160952,200,2752.943597
-3.553524,200,2756.924745
-123.327718,200,2762.356999
-124.325942,200,2767.377676
-126.063034,200,2771.425793
-5.304361,200,2775.795177
-3.999604,200,2781.755448
-120.194259,200,2785.688936
-123.334915,200,2789.579404
-130.57956,200,2795.072678
-120.576539,200,2799.529625
-119.189527,200,2803.456161
-115.123182,200,2807.591559
-1.525369,200,2813.363946
-127.209358,200,2817.412082
-239.833293,200,2821.400715
-120.529468,200,2827.399041
-235.453853,200,2831.707903
-120.39685,200,2835.604881
-237.755184,200,2839.935657
-231.172848,200,2845.527708
-119.123474,200,2849.419264
-125.301214,200,2853.872158
-259.308982,200,2859.911141
-228.743523,200,2865.509623
-127.632341,200,2869.601925
-296.145685,200,2875.078667
-230.086095,200,2879.360492
-219.261709,200,2883.220313
-118.603356,200,2887.290401
-119.481864,200,2893.471242
-127.145451,200,2897.475259
-223.148541,200,2901.419236
-222.118766,200,2906.949255
-5.703509,200,2911.442993
-117.797267,200,2915.642061
-124.491228,200,2919.771492
-3.766749,200,2925.649097
-123.664743,200,2929.729286
-255.942776,200,2934.408013
-127.051711,200,2940.753375
-245.533333,200,2944.915519
-121.231,200,2948.830539
-122.300081,200,2954.058241
-120.202328,200,2958.844371
-114.470122,200,2962.822535
-240.869289,200,2966.860855
-119.152941,200,2972.846641
-1.907381,200,2976.783705
-115.377401,200,2980.724876
-117.225754,200,2985.753691
-120.95389,200,2990.613379
-117.112571,200,2994.571235
-121.914787,200,2998.551408
-118.252623,200,3004.611261
-117.276126,200,3008.817734
-232.730457,200,3012.959487
-229.933364,200,3018.373641
-244.198788,200,3023.128133
-113.788318,200,3027.073379
-119.231815,200,3031.102554
-222.474968,200,3037.11706
-117.722739,200,3041.146631
-225.908726,200,3045.130623
-117.898508,200,3050.672449
-218.05913,200,3055.425759
-220.40634,200,3059.44717
-348.949307,200,3064.133491
-121.470091,200,3069.821654
-125.11276,200,3073.80656
-127.959559,200,3078.352872
-0.37523,200,3084.566577
-237.87028,200,3088.549894
-1.267489,200,3092.555255
-116.978693,200,3097.523765
-123.915348,200,3102.692042
-116.43163,200,3106.778462
-126.715519,200,3110.852766
-122.855709,200,3116.940854
-120.874998,200,3120.901319
-122.80736,200,3124.968354
-309.835842,200,3130.336278
-114.364353,200,3135.338922
-122.231011,200,3139.224408
-117.372042,200,3143.114812
-372.67101,200,3149.179788
-116.670925,200,3153.181408
-113.364685,200,3157.088386
-215.438772,200,3162.436295
-117.58977,200,3167.785441
-1.424168,200,3174.232866
-239.414889,200,3180.863156
-119.777197,200,3196.843976
-0.841026,200,3207.824
-218.811525,200,3218.633894
-237.878952,200,3232.190298
-113.636945,200,3239.33108
-118.892212,200,3246.127067
-116.816099,200,3250.267412
-225.24442,200,3254.737329
-123.930001,200,3261.402373
-114.490747,200,3266.457306
-0.698367,200,3272.562886
-226.736313,200,3280.708841
-126.766278,200,3286.893346
-119.476366,200,3293.62018
-222.955441,200,3299.344423
-118.226706,200,3304.758314
-118.097421,200,3311.459746
-122.195135,200,3317.019213
-117.223118,200,3323.628299
-224.167704,200,3329.584187
-220.578369,200,3333.919357
-115.138599,200,3340.184888
-340.498272,200,3345.442716
-0.917014,200,3350.447233
-116.748695,200,3357.03389
-124.584404,200,3363.055067
-269.771132,200,3369.219198
-116.714035,200,3376.100701
-114.537945,200,3380.269696
-239.545986,200,3385.355963
-127.405837,200,3391.548887
-120.755528,200,3397.511504
-222.711437,200,3403.964464
-117.408902,200,3409.586281
-227.599286,200,3415.813841
-115.447536,200,3422.851709
-118.512868,200,3428.686049
-122.231127,200,3435.090118
-119.552588,200,3440.453668
-0.726744,200,3444.663553
-116.661962,200,3451.230374
-122.969025,200,3457.610676
-120.081188,200,3464.125644
-115.250145,200,3471.976002
-2.502503,200,3477.611486
-117.494686,200,3483.385431
-232.73964,200,3489.224964
-120.323462,200,3494.601175
-120.660452,200,3501.797143
-124.314072,200,3507.868946
-121.181872,200,3514.41643
-226.329202,200,3519.81299
-226.923347,200,3523.988055
-117.51334,200,3528.654181
-248.172109,200,3535.360186
-224.292389,200,3540.600672
-125.067009,200,3546.683661
-221.406167,200,3552.750823
-122.290689,200,3557.719119
-114.486825,200,3564.366446
-124.559005,200,3570.341403
-223.311026,200,3575.904475
-0.104564,200,3582.922367
-116.897985,200,3588.385634
-251.958006,200,3595.018673
-126.011164,200,3602.203555
-221.516538,200,3610.274264
-122.849087,200,3617.301475
-113.800809,200,3622.452429
-229.588141,200,3629.144879
-0.276574,200,3633.551941
-126.601243,200,3638.641731
-119.289179,200,3645.510353
-127.793573,200,3651.434503
-114.82624,200,3657.12809
-124.454164,200,3663.85173
-119.957209,200,3669.560406
-123.9205,200,3676.822651
-117.079953,200,3682.519029
-116.258047,200,3688.94687
-118.286993,200,3695.353248
-217.63328,200,3700.555887
-368.459048,200,3706.469887
-118.434395,200,3712.79266
-116.284402,200,3718.06387
-123.48542,200,3724.680626
-129.72861,200,3730.060672
-7.014987,200,3735.533775
-121.470293,200,3742.414319
-123.411073,200,3747.440194
-119.929857,200,3752.9524
-5.609236,200,3760.017984
-131.869468,200,3765.527321
-134.079672,200,3772.236944
-128.759482,200,3778.289074
-246.119815,200,3782.541734
-253.527833,200,3788.906711
-128.509622,200,3794.869262
-124.945771,200,3798.998521
-125.968252,200,3805.248819
-222.450057,200,3810.737152
-126.452424,200,3816.48065
-120.927393,200,3823.505602
-127.344377,200,3829.116049
-118.375617,200,3836.087956
-217.725926,200,3841.28896
-119.195913,200,3846.502456
-121.428049,200,3853.716004
-126.812805,200,3858.729478
-126.127346,200,3863.74209
-2.869547,200,3870.597563
-218.11855,200,3876.154494
-117.963162,200,3881.943457
-228.389135,200,3888.544577
-220.487508,200,3894.374495
-129.084896,200,3901.097919
-124.50242,200,3907.597027
-2.878025,200,3913.439697
-119.332178,200,3919.902695
-116.223596,200,3924.97066
-120.511016,200,3931.461879
-118.749886,200,3936.902829
-122.064634,200,3941.840988
-118.744027,200,3948.381445
-221.730961,200,3954.498757
-117.843933,200,3960.247256
-118.235571,200,3967.325154
-119.220025,200,3973.031901
-119.355197,200,3979.633589
-119.49447,200,3985.953794
-120.178388,200,3990.813966
-121.652125,200,3998.064651
-124.127555,200,4004.254544
-122.525253,200,4011.746186
-119.083475,200,4017.233721
-224.114955,200,4022.620336
-229.147764,200,4030.561353
-362.409256,200,4036.769475
-309.57021,200,4043.515471
-335.474036,200,4049.305278
-221.384438,200,4056.419895
-123.835657,200,4063.825533
-122.708931,200,4069.79358
-3.294334,200,4077.182179
-122.4885,200,4084.940224
-0.669329,200,4092.646147
-116.753296,200,4099.17425
-224.40464,200,4106.362868
-1.061166,200,4112.208055
-1.199161,200,4117.253747
-123.881604,200,4124.176396
-119.419873,200,4129.268467
-127.377346,200,4134.285507
-236.010936,200,4141.338086
-118.366548,200,4147.232727
-0.54083,200,4154.207253
-118.609425,200,4159.898136
-113.470381,200,4164.450341
-118.844017,200,4169.319656
-0.361177,200,4174.890847
-113.909983,200,4178.948872
-118.956229,200,4183.065106
-216.098983,200,4189.211161
-125.497772,200,4193.538031
-126.020129,200,4197.580354
-119.392309,200,4203.473174
-116.790543,200,4208.18634
-225.363879,200,4212.32582
-116.943038,200,4217.109082
-124.21981,200,4222.375865
-121.263544,200,4227.446674
-122.388174,200,4232.451715
-2.231188,200,4239.438189
-217.162785,200,4245.562414
-120.050821,200,4253.987351
-123.345681,200,4260.758706
-1.049575,200,4267.786233
-118.749326,200,4273.640647
-298.504191,200,4279.758874
-115.709635,200,4286.812404
-221.426307,200,4292.413201
-124.212766,200,4299.119179
-290.307697,200,4305.57924
-122.897442,200,4312.612171
-239.208806,200,4320.279465
-216.468434,200,4327.257921
-241.381377,200,4335.285375
-2.666702,200,4340.90505
-119.797212,200,4347.121785
-234.909475,200,4352.772959
-237.041626,200,4359.312328
-0.793874,200,4367.147533
-289.985859,200,4373.903752
-347.896419,200,4380.981982
-123.578227,200,4386.710569
-122.942973,200,4391.278375
-223.918267,200,4397.293724
-119.195614,200,4401.302852
-0.074629,200,4405.308331
-116.594204,200,4410.852805
-226.629896,200,4415.397583
-0.650621,200,4420.391316
-221.113062,200,4425.488612
-225.277741,200,4430.70119
-120.990364,200,4434.831352
-246.47795,200,4438.914154
-114.529965,200,4444.962901
-116.504656,200,4448.997338
-116.881565,200,4453.148318
-122.391555,200,4458.584503
-217.849885,200,4463.482708
-116.438723,200,4469.549846
-128.123176,200,4477.048036
-219.969306,200,4483.243394
-116.744377,200,4489.44834
-117.854072,200,4497.260591
-126.408568,200,4504.132589
-117.90352,200,4514.667526
-125.124734,200,4523.674775
-127.587564,200,4530.300643
-119.439875,200,4536.89198
-115.145689,200,4544.859396
-117.640868,200,4551.538227
-226.511806,200,4558.97439
-122.35872,200,4563.215174
-251.123448,200,4567.585361
-113.867887,200,4573.927003
-246.569522,200,4578.079056
-127.916883,200,4582.305292
-237.035092,200,4588.899488
-128.302269,200,4595.872353
-125.657442,200,4603.010946
-116.245035,200,4610.270638
-124.165168,200,4617.543031
-223.512978,200,4625.441109
-121.79769,200,4632.154905
-126.808451,200,4640.859488
-227.321285,200,4648.450247
-343.39,200,4655.218417
-120.89769,200,4659.813742
-391.919434,200,4664.002097
-126.398996,200,4670.080992
-237.685389,200,4674.522994
-293.609144,200,4678.571732
-301.16965,200,4684.632485
-114.781077,200,4689.021723
-117.229257,200,4695.082191
-117.945129,200,4701.580294
-114.502032,200,4706.782612
-117.731958,200,4710.731433
-119.445811,200,4716.856467
-224.461547,200,4721.199957
-120.383176,200,4726.456925
-121.711787,200,4732.93829
-244.937543,200,4738.056628
-1.158093,200,4742.122314
-3.489476,200,4749.051892
-126.439591,200,4753.527169
-119.071263,200,4757.472654
-3.956087,200,4763.099749
-224.462843,200,4767.723895
-364.377358,200,4771.774672
-216.135422,200,4775.978966
-0.95227,200,4782.145688
-124.51983,200,4788.561194
-115.763971,200,4794.302731
-1.710368,200,4800.698847
-120.660586,200,4805.942538
-121.358267,200,4811.972742
-364.262894,200,4816.571793
-121.702403,200,4820.522408
-298.169872,200,4825.311757
-119.79415,200,4830.732288
-122.030676,200,4835.53104
-115.626511,200,4840.164978
-116.470439,200,4846.448253
-123.163225,200,4850.669758
-1.400019,200,4854.960845
-225.512517,200,4861.131801
-124.150185,200,4865.885329
-236.254026,200,4870.048047
-124.298741,200,4876.111411
-119.903025,200,4880.355057
-126.775959,200,4884.622492
-119.622675,200,4889.458138
-120.839932,200,4895.078114
-124.03762,200,4900.112015
-127.936464,200,4904.725422
-119.879251,200,4910.287965
-125.552465,200,4914.36268
-117.948407,200,4918.471748
-2.164439,200,4924.683571
-1.108965,200,4928.897532
-117.147804,200,4933.394915
-245.880541,200,4940.388109
-118.525619,200,4945.951803
-120.218322,200,4952.087949
-125.503611,200,4958.773253
-125.427348,200,4962.990037
-125.811476,200,4967.173407
-115.042619,200,4975.152852
-248.107026,200,4982.273175
-214.793119,200,4990.668643
-113.991246,200,4996.545458
-123.321875,200,5003.41392
-121.429979,200,5009.808779
-122.652143,200,5014.990303
-225.107682,200,5021.730542
-119.519891,200,5028.74447
-4.853491,200,5028.907182
-4.226609,200,5029.04992
-245.735128,200,5029.162083
-124.561992,200,5029.318616
-120.134872,200,5029.4753
-119.846353,200,5029.602649
-118.199557,200,5029.760296
-123.228302,200,5029.927187
-129.607048,200,5030.06543
-121.514923,200,5030.228041
-4.762913,200,5030.33832
-122.183646,200,5030.438315
-226.805931,200,5030.564411
-117.482984,200,5030.680953
-126.950114,200,5030.819945
-120.087658,200,5030.951463
-118.793839,200,5031.059308
-121.89965,200,5031.151971
-127.457244,200,5031.244795
-294.928831,200,5031.447397
-234.721177,200,5031.614079
-227.607632,200,5031.780829
-220.83767,200,5031.947783
-4.232557,200,5032.095531
-5.389945,200,5032.238051
-118.643553,200,5032.364758
-257.294142,200,5032.535778
-265.640372,200,5032.688307
-240.48297,200,5032.854925
-119.221236,200,5032.9783
-120.142879,200,5033.159794
-4.344379,200,5033.326191
-128.13863,200,5033.510668
-249.871946,200,5033.715059
-121.423764,200,5033.913979
-119.823797,200,5034.122236
-118.391649,200,5034.32232
-121.863794,200,5034.500219
-119.800538,200,5034.660258
-4.33787,200,5034.833244
-121.234267,200,5034.98904
-120.675511,200,5035.155296
-240.812571,200,5035.311324
-259.671779,200,5035.541082
-4.7561,200,5035.697698
-127.331317,200,5035.924362
-126.843745,200,5036.092891
-240.512101,200,5036.272632
-4.420537,200,5036.418986
-124.91874,200,5036.540721
-228.931142,200,5036.685896
-273.411047,200,5036.776972
-4.28905,200,5036.882617
-220.563131,200,5037.025551
-4.620704,200,5037.168842
-123.650389,200,5037.333271
-230.787114,200,5037.475692
-242.703655,200,5037.656389
-219.331855,200,5037.849367
-229.491969,200,5038.040207
-248.125595,200,5038.22951
-279.146808,200,5038.385684
-235.292646,200,5038.57577
-121.570049,200,5038.737961
-122.221285,200,5038.92304
-4.340396,200,5039.103137
-238.86932,200,5039.266534
-122.110744,200,5039.408979
-122.093775,200,5039.558553
-121.502287,200,5039.706964
-4.226923,200,5039.904341
-4.232353,200,5040.087363
-221.934025,200,5040.276357
-222.166236,200,5040.468434
-224.01451,200,5040.622036
-123.982019,200,5040.807219
-123.601931,200,5040.962772
-4.20404,200,5041.105521
-138.630778,200,5041.255402
-122.326745,200,5041.427012
-127.442583,200,5041.580833
-217.266648,200,5041.737959
-121.381961,200,5041.886219
-218.699904,200,5042.018554
-121.921271,200,5042.188987
-119.700312,200,5042.348258
-226.615538,200,5042.492829
-226.412604,200,5042.641893
-121.642923,200,5042.781914
-121.423493,200,5042.898636
-222.125694,200,5043.058335
-4.275388,200,5043.164979
-125.746983,200,5043.311453
-116.86003,200,5043.427984
-117.961147,200,5043.547289
-129.97234,200,5043.660659
-128.065834,200,5043.823781
-121.304904,200,5043.953465
-120.738878,200,5044.040148
